Order-Id,Item-id,Product-Id,Quantity,Sales-Id,Customer-Id,Sales-Price-Per-Prod,Market-Segment
0,0,5,12,5,20,189,retail
1,1,5,28,2,27,202,retail
2,2,1,18,1,23,232,retail
3,3,12,22,1,12,218,software
4,4,9,2,8,28,95,financial
5,5,17,26,8,24,291,software
6,6,3,17,9,4,236,retail
7,7,17,21,3,1,214,software
8,8,9,25,5,10,126,financial
9,9,11,21,2,12,186,pharmaceutical
10,10,18,2,0,28,81,software
11,11,15,3,6,13,277,software
12,12,17,9,1,15,257,retail
13,13,0,1,3,25,211,education
14,14,7,25,2,12,223,software
15,15,9,17,0,16,98,realestate
16,16,17,26,5,5,271,realestate
17,17,6,10,5,29,69,software
18,18,3,25,0,29,186,pharmaceutical
19,19,12,9,3,6,104,financial
20,20,2,16,0,9,284,software
21,21,19,28,2,5,196,software
22,22,9,4,0,8,52,pharmaceutical
23,23,10,20,8,29,105,retail
24,24,0,3,5,10,157,software
25,25,15,21,5,7,397,retail
26,26,18,8,1,29,125,education
27,27,0,29,6,28,139,retail
28,28,4,26,4,9,192,software
29,29,2,12,8,1,348,retail
30,30,1,11,3,13,229,pharmaceutical
31,31,7,9,8,11,150,retail
32,32,1,5,0,28,270,education
33,33,4,16,2,28,252,education
34,34,17,28,4,13,357,realestate
35,35,11,8,5,21,152,education
36,36,7,23,2,16,143,realestate
37,37,18,28,5,14,98,retail
38,38,8,25,3,12,247,realestate
39,39,16,15,9,18,181,financial
40,40,19,26,5,5,119,realestate
41,41,7,28,2,29,322,pharmaceutical
42,42,6,1,0,9,62,pharmaceutical
43,43,16,17,0,19,221,software
44,44,17,25,8,1,348,education
45,45,0,23,1,18,137,software
46,46,3,4,5,24,249,financial
47,47,3,15,4,26,267,realestate
48,48,12,24,3,3,173,software
49,49,18,0,7,20,101,pharmaceutical
50,50,1,12,1,25,265,pharmaceutical
51,51,14,3,8,14,330,software
52,52,1,16,1,5,261,realestate
53,53,8,18,6,24,162,financial
54,54,11,21,4,17,116,pharmaceutical
55,55,17,4,9,11,204,financial
56,56,19,12,6,18,73,realestate
57,57,13,7,7,9,222,retail
58,58,8,20,0,5,207,software
59,59,8,28,3,7,165,realestate
60,60,2,16,2,26,300,financial
61,61,13,17,3,20,176,financial
62,62,4,24,0,17,200,software
63,63,11,7,6,8,221,software
64,64,3,11,8,26,234,retail
65,65,5,21,5,21,101,software
66,66,10,7,9,9,113,pharmaceutical
67,67,2,18,8,3,366,retail
68,68,16,2,9,22,232,education
69,69,9,10,8,20,62,software
70,70,5,3,5,7,211,retail
71,71,19,17,4,2,200,pharmaceutical
72,72,10,9,1,15,168,realestate
73,73,16,6,1,14,158,education
74,74,8,2,6,0,213,financial
75,75,8,2,9,6,265,retail
76,76,9,5,7,8,66,software
77,77,3,26,4,17,169,education
78,78,9,16,4,13,82,software
79,79,5,21,9,8,214,pharmaceutical
80,80,15,28,1,8,349,software
81,81,8,25,8,4,252,pharmaceutical
82,82,6,10,0,13,69,financial
83,83,15,27,4,3,317,retail
84,84,6,21,0,8,113,education
85,85,15,24,8,18,359,pharmaceutical
86,86,13,16,8,5,100,pharmaceutical
87,87,12,20,5,0,105,financial
88,88,11,0,6,27,102,pharmaceutical
89,89,19,24,0,25,172,education
90,90,10,6,6,8,159,software
91,91,11,29,9,5,202,realestate
92,92,3,1,3,18,259,pharmaceutical
93,93,13,9,3,4,126,realestate
94,94,14,13,4,12,250,realestate
95,95,9,14,6,3,82,realestate
96,96,1,2,6,3,172,software
97,97,1,25,3,8,260,pharmaceutical
98,98,3,17,2,16,232,software
99,99,1,26,5,25,264,pharmaceutical
100,100,17,26,3,14,343,education
101,101,3,8,2,19,255,software
102,102,11,16,2,16,177,retail
103,103,4,10,2,23,261,financial
104,104,1,22,9,2,177,software
105,105,19,28,7,20,168,education
106,106,3,9,9,9,209,financial
107,107,1,18,1,22,264,financial
108,108,11,29,1,11,112,software
109,109,14,22,8,6,308,realestate
110,110,13,23,5,3,213,education
111,111,8,3,8,16,216,financial
112,112,0,28,0,8,128,software
113,113,8,1,0,19,241,education
114,114,13,23,6,28,219,financial
115,115,7,16,2,0,200,pharmaceutical
116,116,16,7,5,22,317,software
117,117,2,25,6,25,284,realestate
118,118,5,16,0,22,153,retail
119,119,13,25,3,22,115,retail
120,120,14,0,4,27,211,education
121,121,8,17,4,19,210,education
122,122,3,14,2,25,286,realestate
123,123,3,28,8,5,204,financial
124,124,14,1,5,24,204,financial
125,125,4,19,1,27,202,financial
126,126,13,8,9,0,194,education
127,127,17,11,7,26,362,financial
128,128,2,2,2,27,357,pharmaceutical
129,129,19,22,2,9,86,realestate
130,130,4,14,0,10,208,retail
131,131,14,18,4,25,386,pharmaceutical
132,132,6,29,4,4,114,realestate
133,133,1,23,6,22,198,realestate
134,134,6,28,8,3,114,education
135,135,17,17,8,20,351,education
136,136,9,18,2,14,94,software
137,137,16,26,7,16,168,retail
138,138,3,22,3,11,269,pharmaceutical
139,139,11,21,2,16,169,software
140,140,1,22,3,2,251,realestate
141,141,14,6,8,12,264,software
142,142,3,6,9,4,277,education
143,143,3,16,8,9,240,financial
144,144,14,14,6,9,254,education
145,145,7,6,4,14,188,realestate
146,146,2,15,8,9,361,retail
147,147,13,8,1,4,105,realestate
148,148,4,15,4,24,266,financial
149,149,7,11,9,13,177,software
150,150,16,13,5,20,218,pharmaceutical
151,151,3,17,5,6,188,pharmaceutical
152,152,11,2,9,10,211,financial
153,153,5,15,6,8,154,retail
154,154,7,11,3,20,160,financial
155,155,2,6,6,14,279,realestate
156,156,8,12,5,29,256,realestate
157,157,1,16,4,5,276,education
158,158,19,26,2,6,162,software
159,159,11,18,0,22,219,retail
160,160,14,23,2,15,304,software
161,161,4,20,8,15,184,pharmaceutical
162,162,10,4,8,14,97,retail
163,163,7,25,2,0,224,financial
164,164,2,3,5,11,302,education
165,165,17,24,2,23,353,retail
166,166,6,5,9,0,126,realestate
167,167,5,11,7,13,202,education
168,168,16,14,3,3,248,realestate
169,169,14,26,1,7,281,financial
170,170,4,10,9,8,187,realestate
171,171,4,16,8,10,198,education
172,172,12,4,7,21,128,pharmaceutical
173,173,1,5,5,0,191,pharmaceutical
174,174,7,24,6,24,140,software
175,175,6,14,8,21,62,financial
176,176,13,12,6,8,91,pharmaceutical
177,177,5,15,8,29,144,software
178,178,10,2,2,11,169,financial
179,179,2,29,9,13,349,education
180,180,1,15,0,24,231,retail
181,181,16,0,0,3,232,retail
182,182,18,29,9,29,123,pharmaceutical
183,183,19,3,7,23,74,retail
184,184,14,19,7,19,194,financial
185,185,17,3,6,24,246,pharmaceutical
186,186,3,21,0,7,270,software
187,187,9,11,4,23,82,pharmaceutical
188,188,1,9,7,7,196,realestate
189,189,12,21,8,0,149,financial
190,190,2,18,9,20,265,retail
191,191,4,15,4,3,151,realestate
192,192,1,13,8,22,255,realestate
193,193,11,4,8,4,150,pharmaceutical
194,194,9,14,7,18,50,retail
195,195,1,8,9,1,212,realestate
196,196,14,20,6,13,281,financial
197,197,1,29,5,27,250,software
198,198,3,25,9,17,205,financial
199,199,17,11,0,12,244,financial
200,200,4,0,9,17,252,financial
201,201,2,4,5,28,273,pharmaceutical
202,202,15,19,4,29,199,realestate
203,203,18,1,3,25,171,education
204,204,19,22,6,22,210,retail
205,205,17,18,3,16,350,pharmaceutical
206,206,13,11,4,19,181,realestate
207,207,5,0,2,23,179,realestate
208,208,9,10,3,0,84,retail
209,209,5,4,1,0,180,retail
210,210,12,14,4,21,163,software
211,211,14,11,5,28,260,realestate
212,212,8,6,7,4,160,software
213,213,15,3,1,19,328,pharmaceutical
214,214,3,25,3,11,282,financial
215,215,19,2,8,23,193,financial
216,216,7,25,5,5,265,realestate
217,217,5,7,4,22,208,financial
218,218,18,26,9,13,54,education
219,219,15,25,0,5,278,software
220,220,12,5,4,12,194,pharmaceutical
221,221,5,0,9,26,102,pharmaceutical
222,222,16,0,4,9,303,realestate
223,223,15,12,4,1,263,financial
224,224,7,4,2,18,131,realestate
225,225,10,22,4,16,124,software
226,226,15,13,1,19,197,education
227,227,0,13,4,7,168,realestate
228,228,13,18,5,26,209,education
229,229,8,27,3,1,141,financial
230,230,1,9,6,24,179,financial
231,231,12,17,2,7,203,software
232,232,0,23,1,29,138,pharmaceutical
233,233,7,28,4,4,284,pharmaceutical
234,234,16,8,7,25,273,financial
235,235,18,24,9,6,151,pharmaceutical
236,236,15,2,2,7,333,realestate
237,237,12,18,8,17,197,education
238,238,4,23,4,3,147,pharmaceutical
239,239,13,23,5,25,149,retail
240,240,3,29,8,11,250,education
241,241,4,26,6,5,229,retail
242,242,12,8,0,25,93,financial
243,243,9,17,7,15,146,pharmaceutical
244,244,9,10,7,15,96,software
245,245,2,1,6,5,268,retail
246,246,10,19,7,24,104,retail
247,247,1,20,8,22,215,realestate
248,248,18,3,4,11,176,retail
249,249,13,14,9,4,232,pharmaceutical
250,250,13,1,7,12,214,financial
251,251,2,5,5,26,314,pharmaceutical
252,252,14,28,9,7,207,education
253,253,4,2,4,5,200,education
254,254,2,29,4,15,339,education
255,255,13,7,9,20,180,retail
256,256,13,3,5,13,225,financial
257,257,13,24,0,12,144,realestate
258,258,6,6,4,0,140,retail
259,259,11,25,2,11,160,retail
260,260,9,2,4,14,59,retail
261,261,1,19,6,7,262,realestate
262,262,0,22,1,8,229,education
263,263,6,19,0,6,130,pharmaceutical
264,264,3,21,5,0,259,education
265,265,5,9,8,26,145,pharmaceutical
266,266,14,4,2,13,233,retail
267,267,16,6,4,6,280,software
268,268,16,25,4,24,284,retail
269,269,16,2,1,18,314,pharmaceutical
270,270,18,15,9,21,129,retail
271,271,17,2,2,3,260,education
272,272,17,9,0,14,306,pharmaceutical
273,273,5,25,3,7,218,retail
274,274,7,0,5,6,317,software
275,275,14,27,3,1,257,pharmaceutical
276,276,16,14,2,28,270,retail
277,277,3,4,6,11,254,retail
278,278,13,19,1,16,118,financial
279,279,0,20,6,5,231,education
280,280,0,25,1,9,173,software
281,281,12,2,6,6,94,software
282,282,15,23,7,25,184,retail
283,283,16,1,3,1,162,financial
284,284,2,12,8,7,346,financial
285,285,1,10,3,1,262,pharmaceutical
286,286,0,5,9,0,123,financial
287,287,0,2,4,18,198,software
288,288,1,19,5,6,271,software
289,289,13,12,3,0,127,software
290,290,18,9,7,24,94,retail
291,291,4,17,7,24,174,realestate
292,292,11,20,5,13,101,pharmaceutical
293,293,2,2,8,6,232,pharmaceutical
294,294,7,22,5,3,227,realestate
295,295,19,12,7,19,206,education
296,296,16,29,4,26,315,retail
297,297,18,23,6,16,85,software
298,298,1,11,8,8,195,retail
299,299,0,29,2,24,136,pharmaceutical
300,300,13,2,9,4,88,financial
301,301,3,11,1,19,217,financial
302,302,9,7,0,29,113,education
303,303,17,22,0,29,350,pharmaceutical
304,304,13,15,8,0,125,financial
305,305,4,19,8,12,141,retail
306,306,12,5,3,20,116,realestate
307,307,2,29,7,24,352,education
308,308,8,21,6,17,255,retail
309,309,5,20,8,29,135,software
310,310,3,12,5,5,269,software
311,311,5,7,8,12,160,education
312,312,11,16,5,27,209,education
313,313,2,19,9,0,199,education
314,314,13,16,5,2,164,pharmaceutical
315,315,14,19,9,25,357,software
316,316,17,10,5,4,354,realestate
317,317,12,3,1,22,97,education
318,318,10,8,3,29,186,pharmaceutical
319,319,18,19,8,3,111,financial
320,320,1,22,3,24,163,education
321,321,5,8,9,10,199,financial
322,322,6,20,0,2,113,pharmaceutical
323,323,5,26,7,8,111,pharmaceutical
324,324,6,22,4,17,115,realestate
325,325,18,7,1,17,173,education
326,326,0,21,1,24,223,pharmaceutical
327,327,16,24,8,13,209,retail
328,328,12,3,7,7,193,software
329,329,3,24,2,12,280,education
330,330,18,22,4,17,120,pharmaceutical
331,331,6,11,7,28,83,software
332,332,19,0,0,7,118,realestate
333,333,19,3,4,29,124,realestate
334,334,7,6,0,2,292,pharmaceutical
335,335,6,27,3,6,136,education
336,336,10,17,1,3,165,education
337,337,7,29,5,12,172,software
338,338,16,2,0,4,165,pharmaceutical
339,339,18,16,7,6,119,realestate
340,340,18,0,0,24,167,software
341,341,15,7,0,27,336,software
342,342,3,13,5,14,283,retail
343,343,3,2,4,18,238,pharmaceutical
344,344,17,22,6,23,294,retail
345,345,0,25,0,4,123,retail
346,346,13,11,6,22,117,education
347,347,12,9,7,6,115,software
348,348,11,9,6,10,169,retail
349,349,13,6,7,18,199,education
350,350,0,15,5,6,151,financial
351,351,11,22,0,7,178,retail
352,352,0,13,2,25,157,pharmaceutical
353,353,18,26,4,20,118,software
354,354,10,19,3,4,201,financial
355,355,19,20,4,6,93,education
356,356,4,27,2,27,222,financial
357,357,0,15,1,10,155,financial
358,358,1,3,5,17,233,realestate
359,359,0,3,6,10,143,software
360,360,16,18,7,12,260,pharmaceutical
361,361,3,8,4,5,182,retail
362,362,16,15,2,3,315,realestate
363,363,1,7,1,7,275,pharmaceutical
364,364,2,7,1,21,226,education
365,365,14,19,5,17,340,software
366,366,18,22,4,0,117,software
367,367,3,0,4,8,180,realestate
368,368,8,0,5,17,183,pharmaceutical
369,369,7,20,3,6,199,education
370,370,18,15,3,2,113,retail
371,371,7,20,7,6,197,financial
372,372,13,0,0,18,121,realestate
373,373,15,4,9,19,270,realestate
374,374,11,4,8,14,209,software
375,375,2,17,7,22,317,pharmaceutical
376,376,13,7,3,24,221,financial
377,377,18,18,0,17,82,financial
378,378,14,9,7,11,393,financial
379,379,10,20,2,2,165,software
380,380,4,14,9,5,205,software
381,381,8,19,1,18,220,financial
382,382,10,10,7,26,96,education
383,383,17,10,0,7,264,education
384,384,14,10,3,4,340,pharmaceutical
385,385,8,25,6,27,234,realestate
386,386,19,5,0,8,188,education
387,387,10,15,2,25,109,software
388,388,10,22,5,1,207,financial
389,389,10,25,7,6,181,realestate
390,390,16,19,9,6,304,realestate
391,391,3,5,5,28,178,retail
392,392,17,26,1,4,276,financial
393,393,7,26,3,19,187,software
394,394,11,10,3,14,151,software
395,395,10,19,0,12,183,pharmaceutical
396,396,1,27,5,25,194,software
397,397,10,8,3,23,99,financial
398,398,11,25,1,10,132,realestate
399,399,8,29,5,8,269,software
400,400,7,14,3,9,175,retail
401,401,19,10,8,8,200,education
402,402,2,21,3,9,270,software
403,403,8,3,9,24,178,pharmaceutical
404,404,10,22,2,19,199,realestate
405,405,4,4,2,19,131,education
406,406,1,7,7,19,163,education
407,407,6,21,3,1,46,software
408,408,3,1,1,24,287,software
409,409,11,14,1,8,188,financial
410,410,17,2,6,22,372,software
411,411,15,8,6,26,200,financial
412,412,3,5,9,4,247,realestate
413,413,5,13,6,16,151,software
414,414,11,8,3,18,189,financial
415,415,14,17,1,15,287,financial
416,416,0,11,5,20,127,pharmaceutical
417,417,18,7,9,22,65,retail
418,418,4,3,1,19,231,education
419,419,1,21,7,6,163,education
420,420,19,0,7,27,190,realestate
421,421,3,9,6,24,169,retail
422,422,15,16,9,23,310,education
423,423,10,7,6,11,204,retail
424,424,5,21,9,10,199,financial
425,425,10,6,6,11,89,education
426,426,16,15,4,23,239,realestate
427,427,9,27,4,8,75,financial
428,428,1,19,4,9,267,retail
429,429,14,14,0,10,231,realestate
430,430,10,16,6,26,168,realestate
431,431,5,25,5,15,143,realestate
432,432,0,12,4,2,182,pharmaceutical
433,433,16,0,3,16,316,retail
434,434,1,20,0,12,213,financial
435,435,15,8,5,23,285,realestate
436,436,13,5,6,9,211,education
437,437,14,21,3,21,350,retail
438,438,6,27,2,4,143,education
439,439,0,3,4,8,209,financial
440,440,0,14,3,3,213,realestate
441,441,15,0,4,3,394,software
442,442,0,23,6,12,131,retail
443,443,16,5,1,14,268,software
444,444,9,19,0,28,138,retail
445,445,9,1,0,6,111,retail
446,446,13,10,1,8,171,education
447,447,13,9,5,3,194,realestate
448,448,16,18,8,27,285,financial
449,449,5,26,1,2,111,financial
450,450,14,24,2,7,269,pharmaceutical
451,451,5,11,3,22,202,financial
452,452,12,13,6,18,217,realestate
453,453,19,20,1,24,158,retail
454,454,3,14,8,19,284,pharmaceutical
455,455,11,6,1,13,133,pharmaceutical
456,456,6,11,4,24,67,software
457,457,18,9,5,1,90,software
458,458,11,20,7,18,145,retail
459,459,9,0,3,20,54,education
460,460,6,2,8,25,61,education
461,461,5,12,1,13,115,education
462,462,3,12,4,10,187,financial
463,463,7,19,7,24,133,retail
464,464,13,19,9,16,143,realestate
465,465,9,4,3,7,63,education
466,466,18,14,7,4,159,education
467,467,10,19,9,11,105,software
468,468,14,6,0,26,392,financial
469,469,16,15,4,25,320,realestate
470,470,18,7,2,29,152,financial
471,471,15,21,3,13,419,retail
472,472,2,0,6,7,261,pharmaceutical
473,473,7,26,8,18,241,retail
474,474,15,12,8,20,388,realestate
475,475,1,28,9,11,255,realestate
476,476,17,2,8,3,360,pharmaceutical
477,477,10,2,4,1,186,software
478,478,6,20,8,9,134,software
479,479,14,11,9,24,193,realestate
480,480,16,6,5,11,245,realestate
481,481,4,14,6,7,234,pharmaceutical
482,482,8,19,9,26,151,software
483,483,18,21,2,5,65,realestate
484,484,17,20,6,7,352,education
485,485,17,19,4,9,207,education
486,486,12,26,1,6,214,software
487,487,16,9,5,23,168,realestate
488,488,7,20,1,14,167,financial
489,489,7,10,2,23,236,education
490,490,14,7,7,8,348,retail
491,491,16,26,6,2,200,software
492,492,15,11,9,15,379,education
493,493,13,10,0,23,175,financial
494,494,18,15,3,28,104,retail
495,495,9,11,4,25,102,realestate
496,496,16,25,5,10,152,realestate
497,497,16,27,5,1,253,software
498,498,10,23,5,12,195,financial
499,499,18,26,7,8,54,pharmaceutical
500,500,16,4,6,20,309,software
501,501,8,4,2,21,257,retail
502,502,13,19,6,27,191,realestate
503,503,19,18,3,7,114,financial
504,504,7,15,7,7,163,financial
505,505,7,20,2,27,217,pharmaceutical
506,506,9,15,4,1,103,realestate
507,507,2,15,3,22,225,education
508,508,8,25,2,29,166,software
509,509,5,23,5,6,134,financial
510,510,4,18,4,22,138,retail
511,511,6,2,9,27,149,pharmaceutical
512,512,18,23,5,11,130,software
513,513,7,1,7,5,282,realestate
514,514,10,24,0,25,141,financial
515,515,0,5,4,4,223,financial
516,516,18,10,8,18,139,retail
517,517,19,6,5,12,173,pharmaceutical
518,518,6,28,5,25,81,pharmaceutical
519,519,13,18,8,19,162,education
520,520,12,12,9,15,92,retail
521,521,14,24,0,14,370,education
522,522,7,13,9,26,149,retail
523,523,12,7,9,11,159,pharmaceutical
524,524,9,3,9,3,113,financial
525,525,17,22,7,16,200,software
526,526,19,17,3,8,208,software
527,527,11,20,7,7,132,retail
528,528,0,26,2,7,122,retail
529,529,13,9,6,4,143,realestate
530,530,12,29,3,25,110,financial
531,531,18,20,7,13,98,retail
532,532,19,18,3,7,120,pharmaceutical
533,533,9,29,2,24,49,realestate
534,534,11,13,7,18,150,pharmaceutical
535,535,16,29,6,28,282,financial
536,536,17,13,8,1,257,software
537,537,2,5,9,22,295,pharmaceutical
538,538,18,6,9,20,76,software
539,539,19,20,1,17,105,retail
540,540,18,6,6,19,156,retail
541,541,14,23,3,3,231,education
542,542,13,12,1,23,176,pharmaceutical
543,543,0,4,4,8,129,financial
544,544,8,26,7,10,182,financial
545,545,3,0,7,28,168,realestate
546,546,13,17,5,16,187,software
547,547,19,0,6,20,140,software
548,548,14,14,6,15,253,pharmaceutical
549,549,0,18,9,18,186,retail
550,550,5,16,2,15,127,realestate
551,551,0,22,7,21,169,pharmaceutical
552,552,2,3,3,22,365,retail
553,553,6,26,1,4,100,education
554,554,10,25,7,17,137,financial
555,555,2,12,7,6,260,pharmaceutical
556,556,16,20,5,5,308,software
557,557,8,20,4,19,227,software
558,558,2,19,0,28,247,retail
559,559,6,23,7,2,136,realestate
560,560,1,14,1,15,163,financial
561,561,17,19,7,11,214,financial
562,562,1,16,6,18,184,realestate
563,563,13,13,1,0,175,realestate
564,564,9,17,1,29,105,pharmaceutical
565,565,3,21,8,28,199,financial
566,566,8,6,1,25,242,education
567,567,11,2,8,18,171,education
568,568,10,14,0,1,170,software
569,569,5,2,0,6,167,education
570,570,11,9,0,12,162,software
571,571,15,22,2,11,232,pharmaceutical
572,572,19,2,3,14,91,realestate
573,573,2,6,0,15,296,pharmaceutical
574,574,6,7,8,20,135,retail
575,575,12,12,8,28,186,retail
576,576,5,25,6,0,147,realestate
577,577,4,25,7,29,222,retail
578,578,4,16,0,24,237,financial
579,579,14,24,5,26,297,software
580,580,5,20,4,28,163,education
581,581,4,25,8,1,247,financial
582,582,9,1,8,6,69,education
583,583,3,28,8,19,235,pharmaceutical
584,584,11,18,4,23,129,education
585,585,12,24,2,15,167,education
586,586,2,4,0,9,296,software
587,587,17,5,1,14,297,software
588,588,11,16,9,24,159,education
589,589,4,4,7,11,271,financial
590,590,10,1,3,28,88,software
591,591,13,19,9,26,122,education
592,592,3,25,9,6,278,retail
593,593,0,10,8,16,185,financial
594,594,8,13,2,20,110,software
595,595,10,15,4,4,97,pharmaceutical
596,596,0,0,2,4,175,education
597,597,18,12,4,9,143,pharmaceutical
598,598,8,12,6,28,151,education
599,599,19,16,8,15,180,software
600,600,13,10,0,10,209,software
601,601,7,23,0,15,237,software
602,602,7,10,7,10,218,education
603,603,11,3,5,10,182,education
604,604,14,4,4,6,248,financial
605,605,3,15,9,23,199,retail
606,606,7,28,3,2,279,realestate
607,607,19,27,7,1,140,pharmaceutical
608,608,14,10,4,10,192,financial
609,609,5,24,2,29,185,retail
610,610,4,18,3,17,206,education
611,611,14,21,5,29,341,pharmaceutical
612,612,5,16,4,8,185,financial
613,613,3,3,9,12,232,pharmaceutical
614,614,13,9,7,24,120,pharmaceutical
615,615,2,0,5,28,283,retail
616,616,5,15,8,26,203,education
617,617,16,29,9,3,147,software
618,618,7,26,3,19,317,realestate
619,619,19,22,5,20,197,education
620,620,15,10,3,14,300,software
621,621,0,19,6,18,142,education
622,622,17,6,7,8,239,education
623,623,0,26,7,25,162,financial
624,624,10,3,5,15,151,pharmaceutical
625,625,9,20,5,1,95,realestate
626,626,17,15,8,8,306,pharmaceutical
627,627,10,24,2,21,107,financial
628,628,17,22,9,18,207,retail
629,629,10,8,1,20,209,realestate
630,630,10,27,9,25,98,education
631,631,1,16,6,7,245,software
632,632,10,1,9,21,153,financial
633,633,13,7,8,22,188,pharmaceutical
634,634,19,18,1,1,152,education
635,635,3,3,2,28,168,software
636,636,19,25,5,21,71,retail
637,637,6,23,9,28,96,pharmaceutical
638,638,0,13,0,20,212,pharmaceutical
639,639,7,26,4,24,249,retail
640,640,13,1,6,22,155,realestate
641,641,19,13,1,17,140,software
642,642,16,0,8,29,174,software
643,643,15,20,5,22,356,software
644,644,16,3,6,4,320,pharmaceutical
645,645,13,0,7,18,229,financial
646,646,11,21,3,5,124,financial
647,647,19,29,1,2,211,software
648,648,11,13,2,16,173,pharmaceutical
649,649,1,25,8,4,280,realestate
650,650,10,13,3,4,110,pharmaceutical
651,651,14,19,8,0,320,software
652,652,8,18,5,9,198,financial
653,653,8,29,0,5,154,financial
654,654,5,26,5,18,161,software
655,655,3,3,6,23,237,software
656,656,19,26,6,21,72,realestate
657,657,4,3,7,18,263,education
658,658,17,3,2,11,297,retail
659,659,5,1,6,22,175,software
660,660,19,15,9,15,210,education
661,661,19,28,2,10,142,realestate
662,662,4,10,4,24,206,realestate
663,663,15,10,2,17,214,realestate
664,664,10,18,6,21,88,realestate
665,665,2,18,3,17,218,software
666,666,2,24,9,14,312,education
667,667,7,25,8,4,129,pharmaceutical
668,668,8,16,6,1,215,pharmaceutical
669,669,12,13,2,3,94,education
670,670,5,18,4,20,105,software
671,671,3,26,7,13,260,financial
672,672,15,19,5,7,234,retail
673,673,10,4,2,17,139,software
674,674,12,29,7,13,224,pharmaceutical
675,675,1,9,9,16,267,software
676,676,14,12,5,26,185,retail
677,677,2,4,2,25,238,education
678,678,1,1,9,11,225,retail
679,679,8,24,7,22,210,education
680,680,5,26,7,24,98,software
681,681,7,26,4,9,226,pharmaceutical
682,682,2,28,0,29,298,software
683,683,19,9,5,5,199,software
684,684,5,3,1,7,205,education
685,685,8,13,5,2,257,financial
686,686,8,1,1,10,140,financial
687,687,15,19,6,10,301,education
688,688,0,4,6,2,183,financial
689,689,2,20,3,12,268,education
690,690,3,29,3,14,255,software
691,691,15,24,5,4,280,software
692,692,3,26,0,3,214,software
693,693,13,6,2,11,208,education
694,694,12,29,3,7,134,retail
695,695,15,1,5,19,200,realestate
696,696,11,19,5,19,198,realestate
697,697,11,4,7,14,179,education
698,698,12,9,6,10,137,education
699,699,18,1,0,3,162,software
700,700,15,0,2,21,221,financial
701,701,15,22,7,2,250,education
702,702,18,23,9,26,99,software
703,703,12,25,2,11,197,financial
704,704,5,18,0,16,196,software
705,705,4,29,0,29,208,financial
706,706,17,3,6,21,299,realestate
707,707,0,2,4,9,226,pharmaceutical
708,708,9,4,9,2,102,retail
709,709,6,28,9,19,67,software
710,710,13,23,4,6,187,realestate
711,711,12,23,8,5,144,retail
712,712,7,12,4,14,144,financial
713,713,11,12,8,13,179,pharmaceutical
714,714,12,1,1,7,130,software
715,715,2,4,0,18,368,realestate
716,716,19,25,0,21,97,retail
717,717,16,24,8,10,231,software
718,718,4,6,5,26,154,financial
719,719,15,4,6,19,251,realestate
720,720,19,27,6,29,192,education
721,721,7,23,7,19,240,realestate
722,722,15,23,8,1,268,realestate
723,723,15,19,7,1,390,pharmaceutical
724,724,1,25,5,1,237,education
725,725,4,5,9,22,193,education
726,726,12,4,8,4,89,education
727,727,4,16,5,29,273,education
728,728,7,7,5,16,210,retail
729,729,15,16,3,22,197,realestate
730,730,6,27,4,7,48,software
731,731,2,19,6,9,272,realestate
732,732,9,12,7,26,71,realestate
733,733,9,0,2,13,134,education
734,734,11,23,9,2,92,realestate
735,735,3,15,0,21,238,realestate
736,736,18,9,6,15,75,retail
737,737,8,7,5,15,185,pharmaceutical
738,738,6,8,3,19,86,software
739,739,7,10,0,29,249,financial
740,740,11,4,8,21,190,pharmaceutical
741,741,17,26,0,1,357,software
742,742,5,2,4,0,208,retail
743,743,7,19,7,11,281,realestate
744,744,5,12,2,17,214,pharmaceutical
745,745,9,22,8,2,143,financial
746,746,7,9,9,1,256,software
747,747,7,18,5,8,302,software
748,748,13,9,0,16,118,financial
749,749,0,3,2,2,207,pharmaceutical
750,750,6,3,5,17,110,pharmaceutical
751,751,3,7,4,28,192,financial
752,752,3,16,1,26,175,pharmaceutical
753,753,14,24,1,5,225,education
754,754,18,10,1,11,81,pharmaceutical
755,755,10,13,5,4,212,software
756,756,0,10,2,13,143,software
757,757,0,20,7,22,137,financial
758,758,6,19,7,5,46,retail
759,759,3,23,7,7,196,financial
760,760,17,6,3,29,337,pharmaceutical
761,761,19,4,1,11,209,retail
762,762,15,24,0,28,194,software
763,763,9,22,0,21,125,pharmaceutical
764,764,5,7,7,12,157,pharmaceutical
765,765,8,20,4,9,197,realestate
766,766,19,13,7,23,97,financial
767,767,13,25,2,29,118,financial
768,768,2,6,9,12,286,financial
769,769,4,20,1,1,249,retail
770,770,4,8,5,24,163,education
771,771,3,29,6,4,268,pharmaceutical
772,772,1,9,4,1,194,financial
773,773,11,5,8,11,108,education
774,774,14,21,3,29,329,financial
775,775,6,21,7,24,62,realestate
776,776,11,10,3,24,194,realestate
777,777,0,22,4,28,144,education
778,778,11,25,8,22,101,realestate
779,779,9,10,8,12,74,financial
780,780,16,23,7,0,156,financial
781,781,16,5,5,13,288,financial
782,782,2,13,0,29,334,financial
783,783,8,9,1,19,266,financial
784,784,4,12,4,9,219,retail
785,785,16,25,1,11,258,realestate
786,786,8,2,3,18,236,pharmaceutical
787,787,12,16,4,6,196,education
788,788,5,0,1,19,160,realestate
789,789,5,11,5,16,152,education
790,790,11,12,8,2,208,pharmaceutical
791,791,14,15,1,7,362,financial
792,792,5,9,2,1,207,software
793,793,3,1,7,9,204,financial
794,794,7,4,9,25,133,pharmaceutical
795,795,15,20,0,6,231,retail
796,796,4,6,8,17,245,realestate
797,797,14,15,6,25,307,financial
798,798,4,25,5,19,219,pharmaceutical
799,799,18,6,6,27,177,financial
800,800,1,1,4,20,241,realestate
801,801,12,22,9,14,197,retail
802,802,10,3,5,25,112,realestate
803,803,4,25,0,1,243,education
804,804,10,28,7,10,137,pharmaceutical
805,805,5,10,9,19,123,realestate
806,806,1,8,3,25,245,education
807,807,16,28,3,9,171,retail
808,808,6,27,6,23,150,pharmaceutical
809,809,17,23,1,5,274,education
810,810,1,29,7,11,243,pharmaceutical
811,811,13,4,7,5,114,realestate
812,812,12,20,5,28,230,retail
813,813,4,18,0,8,133,pharmaceutical
814,814,8,29,2,29,229,realestate
815,815,1,10,3,15,192,education
816,816,10,13,8,20,93,software
817,817,0,16,4,15,136,financial
818,818,15,8,7,5,339,realestate
819,819,1,12,2,4,159,realestate
820,820,16,27,5,24,224,financial
821,821,11,17,8,5,182,realestate
822,822,7,13,9,27,161,financial
823,823,7,1,0,2,282,retail
824,824,15,22,9,20,339,financial
825,825,17,18,2,6,309,software
826,826,11,6,1,1,145,financial
827,827,10,21,6,27,204,realestate
828,828,18,21,6,26,134,financial
829,829,13,10,6,22,182,financial
830,830,8,15,3,7,219,financial
831,831,4,27,2,28,161,retail
832,832,3,22,8,24,234,software
833,833,17,12,5,6,313,financial
834,834,0,1,1,11,120,pharmaceutical
835,835,2,8,8,18,327,retail
836,836,15,3,0,15,324,pharmaceutical
837,837,17,18,8,27,257,education
838,838,4,21,0,21,205,realestate
839,839,5,4,1,8,167,financial
840,840,5,26,4,17,176,education
841,841,15,16,1,3,182,education
842,842,4,4,8,13,188,financial
843,843,11,18,4,15,102,pharmaceutical
844,844,13,29,2,26,97,retail
845,845,0,9,8,13,160,education
846,846,12,23,5,5,81,retail
847,847,2,5,1,4,222,software
848,848,14,26,4,7,189,software
849,849,10,11,7,8,127,software
850,850,18,21,8,10,101,retail
851,851,13,18,5,21,223,pharmaceutical
852,852,4,25,2,7,260,software
853,853,15,23,1,9,198,realestate
854,854,2,23,1,19,223,financial
855,855,2,19,0,10,240,education
856,856,19,21,6,9,190,education
857,857,8,24,9,21,203,pharmaceutical
858,858,19,9,1,16,174,software
859,859,12,16,5,27,222,realestate
860,860,18,1,1,3,79,retail
861,861,15,2,3,9,216,realestate
862,862,8,8,3,25,244,retail
863,863,17,7,9,0,265,software
864,864,9,12,0,0,45,retail
865,865,2,27,2,17,215,financial
866,866,11,25,0,7,91,financial
867,867,0,11,4,4,121,software
868,868,11,18,1,9,161,software
869,869,16,26,6,29,295,software
870,870,12,23,3,0,105,financial
871,871,1,7,7,11,166,financial
872,872,7,27,8,4,257,realestate
873,873,11,12,3,9,207,realestate
874,874,16,20,6,23,269,financial
875,875,7,5,3,11,298,financial
876,876,18,3,4,6,67,software
877,877,0,27,7,1,193,pharmaceutical
878,878,6,15,8,22,88,education
879,879,15,29,3,3,327,financial
880,880,18,21,2,16,110,retail
881,881,12,20,6,18,197,education
882,882,10,15,6,4,161,pharmaceutical
883,883,11,28,3,6,219,financial
884,884,6,13,1,6,82,realestate
885,885,15,16,0,22,210,education
886,886,12,20,1,24,193,education
887,887,9,6,4,9,65,software
888,888,14,6,4,1,296,software
889,889,2,22,6,22,288,realestate
890,890,6,26,4,11,112,education
891,891,14,24,2,13,347,software
892,892,5,12,3,14,201,pharmaceutical
893,893,18,3,5,2,153,education
894,894,17,11,4,20,329,realestate
895,895,16,10,3,4,287,pharmaceutical
896,896,6,7,7,11,46,financial
897,897,13,7,2,0,201,retail
898,898,15,15,2,1,307,pharmaceutical
899,899,19,28,2,28,151,financial
900,900,4,0,6,16,256,education
901,901,14,18,9,29,354,software
902,902,8,18,2,24,241,software
903,903,9,7,6,20,80,education
904,904,19,8,9,26,185,pharmaceutical
905,905,8,6,5,13,250,financial
906,906,2,1,8,24,201,education
907,907,17,3,9,4,189,financial
908,908,0,23,2,7,173,software
909,909,4,9,1,1,209,realestate
910,910,2,29,1,8,335,software
911,911,13,11,8,0,214,software
912,912,4,9,9,15,216,realestate
913,913,15,20,3,23,361,pharmaceutical
914,914,13,1,8,22,139,education
915,915,8,16,8,0,188,software
916,916,10,16,1,13,187,retail
917,917,4,19,9,9,221,pharmaceutical
918,918,1,26,8,17,167,education
919,919,10,9,5,23,160,education
920,920,14,4,4,22,299,realestate
921,921,0,26,1,29,136,retail
922,922,0,29,2,19,213,financial
923,923,12,2,1,13,188,realestate
924,924,15,25,1,28,267,realestate
925,925,8,22,6,12,272,education
926,926,5,10,2,2,107,education
927,927,17,29,6,23,307,software
928,928,5,2,4,7,198,software
929,929,11,21,1,1,116,software
930,930,6,26,4,4,111,financial
931,931,19,11,8,13,201,realestate
932,932,0,29,1,0,126,pharmaceutical
933,933,11,7,4,12,162,retail
934,934,18,13,7,22,122,financial
935,935,0,11,7,11,145,software
936,936,14,13,0,25,332,education
937,937,7,8,5,17,228,education
938,938,10,24,3,11,206,retail
939,939,0,4,5,14,210,software
940,940,2,0,6,21,312,software
941,941,12,22,5,27,229,pharmaceutical
942,942,7,20,8,25,313,education
943,943,7,13,7,6,138,realestate
944,944,15,20,2,20,260,retail
945,945,2,15,5,21,219,software
946,946,10,17,3,9,143,pharmaceutical
947,947,4,9,4,29,228,retail
948,948,19,3,6,22,87,realestate
949,949,6,29,5,28,109,retail
950,950,13,18,9,22,176,retail
951,951,16,7,2,2,316,education
952,952,17,6,5,26,351,pharmaceutical
953,953,1,17,9,9,210,pharmaceutical
954,954,9,4,4,7,47,education
955,955,10,29,1,18,211,education
956,956,3,20,7,6,284,education
957,957,8,14,7,10,157,software
958,958,5,21,5,3,174,education
959,959,5,26,7,14,184,software
960,960,4,12,1,13,137,retail
961,961,10,3,2,25,154,realestate
962,962,6,25,7,14,46,software
963,963,12,17,2,8,141,financial
964,964,3,18,4,8,187,software
965,965,12,16,1,13,164,pharmaceutical
966,966,13,2,7,11,198,realestate
967,967,10,23,5,0,166,education
968,968,17,26,7,1,257,pharmaceutical
969,969,7,11,0,12,259,retail
970,970,19,8,2,1,176,software
971,971,5,13,7,25,189,software
972,972,2,5,6,9,206,realestate
973,973,17,1,6,23,340,retail
974,974,7,19,4,19,159,education
975,975,5,15,5,12,128,retail
976,976,7,11,7,7,259,financial
977,977,15,5,2,12,265,financial
978,978,6,22,3,18,129,financial
979,979,6,29,5,8,70,education
980,980,2,17,6,18,283,pharmaceutical
981,981,18,29,5,27,73,software
982,982,19,0,4,12,152,education
983,983,0,14,8,23,155,pharmaceutical
984,984,6,16,6,26,72,realestate
985,985,13,15,2,16,178,software
986,986,14,23,1,27,323,financial
987,987,0,16,3,15,180,education
988,988,6,0,1,28,73,software
989,989,1,24,5,26,244,financial
990,990,9,18,4,19,50,financial
991,991,7,4,8,14,276,realestate
992,992,18,13,1,2,116,education
993,993,6,23,4,8,116,pharmaceutical
994,994,19,18,2,26,129,retail
995,995,10,2,4,0,105,realestate
996,996,11,15,3,15,209,financial
997,997,19,4,2,12,96,pharmaceutical
998,998,12,25,6,29,159,realestate
999,999,0,3,0,28,186,software
1000,1000,17,5,5,18,309,realestate
1001,1001,5,25,0,6,108,pharmaceutical
1002,1002,13,4,9,22,112,realestate
1003,1003,8,14,2,16,222,education
1004,1004,5,27,8,10,192,realestate
1005,1005,13,20,8,2,161,education
1006,1006,16,4,7,3,177,software
1007,1007,0,17,3,14,151,software
1008,1008,16,20,6,23,169,financial
1009,1009,18,18,2,9,174,pharmaceutical
1010,1010,16,2,3,10,297,software
1011,1011,4,14,1,26,132,financial
1012,1012,10,29,4,8,112,software
1013,1013,6,15,3,4,62,software
1014,1014,9,24,3,11,98,financial
1015,1015,4,5,6,18,155,education
1016,1016,9,22,4,21,48,retail
1017,1017,17,24,0,28,234,realestate
1018,1018,15,10,7,15,269,education
1019,1019,5,28,7,19,171,financial
1020,1020,12,7,9,4,167,pharmaceutical
1021,1021,9,29,5,28,107,software
1022,1022,1,8,5,26,276,financial
1023,1023,3,2,8,11,177,pharmaceutical
1024,1024,4,5,1,2,226,retail
1025,1025,2,20,9,8,284,education
1026,1026,4,25,6,5,192,financial
1027,1027,16,23,6,19,194,financial
1028,1028,10,15,4,15,171,education
1029,1029,5,16,8,6,163,financial
1030,1030,9,11,0,9,120,education
1031,1031,5,8,7,23,122,realestate
1032,1032,4,14,5,13,239,software
1033,1033,8,28,6,4,168,realestate
1034,1034,9,28,7,13,63,pharmaceutical
1035,1035,5,13,2,23,204,pharmaceutical
1036,1036,2,9,6,24,361,financial
1037,1037,5,12,8,10,223,retail
1038,1038,3,3,5,13,203,realestate
1039,1039,14,6,2,25,317,retail
1040,1040,6,15,2,28,142,pharmaceutical
1041,1041,16,22,9,3,316,education
1042,1042,5,0,4,2,138,education
1043,1043,8,26,8,29,187,realestate
1044,1044,1,2,6,0,177,software
1045,1045,8,24,5,20,258,financial
1046,1046,1,19,2,22,259,pharmaceutical
1047,1047,6,7,3,3,115,financial
1048,1048,6,19,5,6,40,software
1049,1049,13,24,4,21,195,software
1050,1050,11,1,1,16,139,pharmaceutical
1051,1051,6,12,6,1,54,financial
1052,1052,12,28,9,1,123,realestate
1053,1053,3,9,3,21,270,retail
1054,1054,1,28,1,24,212,financial
1055,1055,17,22,3,22,350,education
1056,1056,16,2,8,26,253,financial
1057,1057,3,20,3,0,266,software
1058,1058,17,23,9,14,294,realestate
1059,1059,11,4,3,22,148,realestate
1060,1060,8,28,6,28,162,financial
1061,1061,15,28,8,29,239,retail
1062,1062,2,1,0,15,261,software
1063,1063,5,9,6,5,170,financial
1064,1064,8,29,6,3,125,pharmaceutical
1065,1065,13,29,5,10,159,education
1066,1066,18,14,6,20,59,education
1067,1067,19,2,0,7,89,realestate
1068,1068,15,22,9,3,224,pharmaceutical
1069,1069,9,22,6,7,122,retail
1070,1070,17,18,9,24,319,realestate
1071,1071,9,4,9,6,88,software
1072,1072,6,14,3,17,95,financial
1073,1073,4,0,7,24,242,retail
1074,1074,0,9,2,7,217,realestate
1075,1075,3,10,7,14,219,education
1076,1076,5,6,0,8,211,software
1077,1077,10,13,8,8,88,software
1078,1078,4,10,9,10,138,education
1079,1079,10,12,2,24,214,software
1080,1080,14,8,6,3,187,retail
1081,1081,8,13,9,14,224,retail
1082,1082,14,1,0,29,380,retail
1083,1083,7,28,8,1,313,education
1084,1084,7,13,0,29,160,realestate
1085,1085,15,25,5,15,379,retail
1086,1086,8,26,4,21,237,retail
1087,1087,14,4,8,23,265,financial
1088,1088,12,28,5,14,78,software
1089,1089,12,8,1,2,111,retail
1090,1090,3,3,3,23,213,education
1091,1091,3,7,1,10,233,realestate
1092,1092,10,5,7,1,110,financial
1093,1093,3,3,7,0,167,pharmaceutical
1094,1094,17,19,6,1,204,education
1095,1095,16,21,3,6,266,retail
1096,1096,8,2,5,0,244,pharmaceutical
1097,1097,16,18,9,8,213,retail
1098,1098,12,28,5,2,111,financial
1099,1099,19,16,6,5,204,financial
1100,1100,17,21,5,29,217,financial
1101,1101,6,2,4,25,123,pharmaceutical
1102,1102,4,4,3,3,132,pharmaceutical
1103,1103,17,17,8,1,257,education
1104,1104,6,5,6,11,145,software
1105,1105,11,24,0,19,120,realestate
1106,1106,13,13,2,24,93,pharmaceutical
1107,1107,5,9,5,11,183,pharmaceutical
1108,1108,2,13,2,7,324,retail
1109,1109,1,0,1,1,278,software
1110,1110,19,17,8,13,100,realestate
1111,1111,18,25,8,25,130,realestate
1112,1112,7,15,6,16,288,realestate
1113,1113,15,28,3,0,364,realestate
1114,1114,0,25,3,24,191,realestate
1115,1115,19,20,7,6,114,retail
1116,1116,1,23,6,7,260,retail
1117,1117,12,25,6,26,218,pharmaceutical
1118,1118,12,22,6,11,229,software
1119,1119,17,8,7,4,280,pharmaceutical
1120,1120,18,5,2,6,105,education
1121,1121,10,3,5,12,108,education
1122,1122,13,26,5,27,142,software
1123,1123,8,0,1,19,177,financial
1124,1124,0,13,3,24,218,education
1125,1125,15,15,7,26,269,software
1126,1126,0,29,2,19,164,financial
1127,1127,11,16,7,0,174,pharmaceutical
1128,1128,8,26,8,0,272,education
1129,1129,4,6,8,0,202,pharmaceutical
1130,1130,0,4,3,11,214,retail
1131,1131,9,6,9,24,47,pharmaceutical
1132,1132,11,4,4,17,209,education
1133,1133,2,6,2,10,297,financial
1134,1134,1,18,7,16,244,education
1135,1135,4,22,5,8,267,realestate
1136,1136,16,0,4,8,243,financial
1137,1137,1,10,0,23,202,software
1138,1138,5,1,9,24,127,education
1139,1139,18,0,6,26,78,realestate
1140,1140,5,16,0,28,179,education
1141,1141,2,20,6,21,305,software
1142,1142,0,2,7,23,160,education
1143,1143,4,27,4,2,264,realestate
1144,1144,3,29,4,28,244,retail
1145,1145,13,3,8,29,165,education
1146,1146,15,1,0,5,275,pharmaceutical
1147,1147,4,4,0,15,155,realestate
1148,1148,17,9,1,8,305,realestate
1149,1149,16,1,3,0,157,software
1150,1150,19,23,5,6,127,pharmaceutical
1151,1151,14,22,5,27,312,retail
1152,1152,16,9,4,10,272,realestate
1153,1153,16,23,0,22,208,realestate
1154,1154,7,20,6,13,252,realestate
1155,1155,9,17,5,22,132,retail
1156,1156,18,1,1,13,95,software
1157,1157,17,12,4,19,325,retail
1158,1158,16,14,1,29,292,education
1159,1159,13,19,2,16,91,education
1160,1160,8,6,6,19,167,realestate
1161,1161,17,0,2,28,280,education
1162,1162,17,14,2,10,274,realestate
1163,1163,9,17,9,8,52,education
1164,1164,2,14,0,23,216,education
1165,1165,18,23,8,2,57,financial
1166,1166,12,14,9,18,133,pharmaceutical
1167,1167,0,18,5,20,185,realestate
1168,1168,19,9,1,4,213,software
1169,1169,13,14,1,15,120,financial
1170,1170,3,15,9,8,233,software
1171,1171,17,19,3,20,229,education
1172,1172,18,7,4,11,85,realestate
1173,1173,11,29,8,29,99,financial
1174,1174,0,18,3,12,234,software
1175,1175,3,8,3,24,250,pharmaceutical
1176,1176,1,1,3,0,243,retail
1177,1177,3,16,5,3,227,pharmaceutical
1178,1178,4,15,3,27,170,education
1179,1179,16,12,7,15,322,realestate
1180,1180,8,4,3,26,139,education
1181,1181,18,17,5,25,173,software
1182,1182,15,23,1,14,275,financial
1183,1183,14,7,1,0,364,education
1184,1184,5,4,6,8,128,financial
1185,1185,11,18,5,20,92,education
1186,1186,14,27,5,20,359,software
1187,1187,3,9,0,9,171,financial
1188,1188,15,2,9,7,275,retail
1189,1189,19,26,3,14,82,retail
1190,1190,9,26,5,9,84,software
1191,1191,2,13,8,2,317,education
1192,1192,13,12,0,17,137,financial
1193,1193,16,23,4,23,230,software
1194,1194,4,15,1,22,189,education
1195,1195,19,9,4,24,115,financial
1196,1196,18,15,5,11,77,financial
1197,1197,15,15,0,7,204,realestate
1198,1198,1,26,6,27,245,education
1199,1199,13,18,8,14,99,realestate
1200,1200,7,10,4,28,262,retail
1201,1201,7,13,5,9,297,realestate
1202,1202,16,9,3,19,167,education
1203,1203,19,11,0,22,103,pharmaceutical
1204,1204,5,28,3,16,144,financial
1205,1205,18,15,4,26,93,software
1206,1206,7,16,6,18,210,pharmaceutical
1207,1207,8,1,5,13,172,pharmaceutical
1208,1208,17,25,9,12,330,realestate
1209,1209,0,0,2,12,146,retail
1210,1210,5,8,5,25,98,education
1211,1211,8,11,1,19,178,retail
1212,1212,13,27,7,23,145,financial
1213,1213,6,23,6,7,84,software
1214,1214,2,26,7,19,360,software
1215,1215,4,18,0,18,221,education
1216,1216,5,0,9,6,222,software
1217,1217,6,19,3,29,106,financial
1218,1218,14,4,5,3,324,financial
1219,1219,6,2,0,14,127,retail
1220,1220,16,7,0,11,245,retail
1221,1221,15,25,5,8,309,financial
1222,1222,15,11,6,17,368,financial
1223,1223,7,12,2,28,182,software
1224,1224,17,11,7,28,271,education
1225,1225,9,22,8,26,61,pharmaceutical
1226,1226,12,27,1,28,100,pharmaceutical
1227,1227,18,3,8,20,144,software
1228,1228,14,22,3,23,239,pharmaceutical
1229,1229,7,7,7,23,290,pharmaceutical
1230,1230,11,7,8,3,126,retail
1231,1231,5,4,6,16,175,financial
1232,1232,4,1,9,5,219,software
1233,1233,9,29,8,15,47,realestate
1234,1234,15,20,8,24,303,education
1235,1235,4,17,7,24,240,realestate
1236,1236,9,15,5,1,61,retail
1237,1237,5,27,0,18,152,software
1238,1238,9,20,4,15,63,financial
1239,1239,17,19,5,23,348,realestate
1240,1240,7,28,1,22,178,education
1241,1241,1,24,3,10,273,pharmaceutical
1242,1242,5,13,0,2,102,education
1243,1243,16,20,2,24,191,education
1244,1244,6,9,9,13,128,software
1245,1245,16,12,2,16,146,financial
1246,1246,1,12,0,17,248,retail
1247,1247,0,14,9,1,220,realestate
1248,1248,13,12,8,7,105,retail
1249,1249,18,18,3,12,91,realestate
1250,1250,17,6,4,25,279,retail
1251,1251,18,23,0,26,94,financial
1252,1252,0,21,0,17,230,retail
1253,1253,7,28,5,24,164,realestate
1254,1254,18,14,9,21,89,education
1255,1255,18,7,3,22,74,retail
1256,1256,6,25,6,3,130,pharmaceutical
1257,1257,3,27,6,7,189,software
1258,1258,1,5,7,25,264,software
1259,1259,15,22,7,10,363,financial
1260,1260,11,27,5,25,186,education
1261,1261,0,4,6,18,188,retail
1262,1262,4,4,5,16,159,realestate
1263,1263,14,15,6,19,377,pharmaceutical
1264,1264,11,29,4,13,119,retail
1265,1265,0,25,2,27,170,realestate
1266,1266,9,15,4,1,136,education
1267,1267,4,29,8,19,191,retail
1268,1268,11,17,4,17,182,pharmaceutical
1269,1269,18,8,4,4,151,education
1270,1270,10,6,0,9,98,pharmaceutical
1271,1271,12,18,5,19,137,software
1272,1272,11,28,8,1,186,financial
1273,1273,14,24,1,3,266,financial
1274,1274,17,7,6,2,270,realestate
1275,1275,3,6,2,22,267,retail
1276,1276,16,15,6,11,297,education
1277,1277,16,26,2,22,156,software
1278,1278,12,21,4,6,98,retail
1279,1279,14,27,9,19,187,pharmaceutical
1280,1280,3,23,0,26,236,software
1281,1281,18,7,6,11,151,financial
1282,1282,5,11,7,29,157,pharmaceutical
1283,1283,19,0,3,20,144,education
1284,1284,17,19,7,19,373,pharmaceutical
1285,1285,18,21,7,19,163,retail
1286,1286,17,10,0,27,334,education
1287,1287,1,25,8,28,268,education
1288,1288,19,1,3,10,209,financial
1289,1289,19,5,0,24,120,pharmaceutical
1290,1290,0,0,9,16,227,financial
1291,1291,18,24,7,6,134,realestate
1292,1292,1,29,3,9,193,realestate
1293,1293,0,0,0,20,128,software
1294,1294,7,1,6,26,179,pharmaceutical
1295,1295,19,8,2,7,120,software
1296,1296,2,2,6,27,353,realestate
1297,1297,14,10,6,10,357,financial
1298,1298,4,3,2,15,210,realestate
1299,1299,10,29,2,10,175,software
1300,1300,10,16,2,3,194,education
1301,1301,4,0,1,19,207,software
1302,1302,13,5,1,24,146,pharmaceutical
1303,1303,1,23,1,14,183,financial
1304,1304,10,28,9,4,182,realestate
1305,1305,9,11,9,22,94,education
1306,1306,0,16,3,18,127,realestate
1307,1307,2,29,9,8,203,retail
1308,1308,14,16,7,21,376,education
1309,1309,2,12,3,19,345,education
1310,1310,3,19,4,13,241,software
1311,1311,11,10,5,24,220,education
1312,1312,13,11,9,26,125,realestate
1313,1313,19,18,1,6,157,financial
1314,1314,10,5,7,24,169,education
1315,1315,8,13,7,2,165,financial
1316,1316,16,0,9,19,237,realestate
1317,1317,19,17,3,9,88,realestate
1318,1318,18,19,7,29,66,education
1319,1319,12,29,0,22,227,education
1320,1320,16,23,1,0,292,retail
1321,1321,16,14,6,7,291,realestate
1322,1322,4,2,2,2,192,financial
1323,1323,3,21,6,25,238,realestate
1324,1324,4,8,1,12,239,financial
1325,1325,13,8,5,13,123,realestate
1326,1326,15,22,5,16,397,software
1327,1327,8,13,7,13,186,financial
1328,1328,7,5,2,8,128,software
1329,1329,19,22,2,20,214,realestate
1330,1330,19,16,5,24,203,financial
1331,1331,11,0,9,22,129,education
1332,1332,15,18,1,5,333,pharmaceutical
1333,1333,18,21,2,29,128,pharmaceutical
1334,1334,8,15,2,2,136,education
1335,1335,18,11,0,12,72,retail
1336,1336,19,0,3,17,181,realestate
1337,1337,1,17,9,22,169,realestate
1338,1338,18,20,3,26,171,financial
1339,1339,18,25,3,23,177,financial
1340,1340,10,1,5,3,157,realestate
1341,1341,18,1,7,13,91,realestate
1342,1342,14,12,5,8,346,financial
1343,1343,14,20,0,18,183,software
1344,1344,14,29,0,9,317,realestate
1345,1345,5,25,7,27,100,pharmaceutical
1346,1346,15,22,6,7,358,retail
1347,1347,10,3,6,0,131,software
1348,1348,8,0,1,2,145,software
1349,1349,4,25,2,10,165,financial
1350,1350,3,21,3,15,273,pharmaceutical
1351,1351,14,7,9,17,238,pharmaceutical
1352,1352,1,20,9,6,218,pharmaceutical
1353,1353,19,24,0,0,200,retail
1354,1354,2,6,5,14,298,software
1355,1355,1,25,8,19,281,pharmaceutical
1356,1356,11,20,6,16,107,financial
1357,1357,5,6,7,27,188,retail
1358,1358,2,11,1,24,358,education
1359,1359,10,25,0,3,139,retail
1360,1360,13,12,6,16,209,retail
1361,1361,14,1,2,29,194,software
1362,1362,3,2,8,3,268,financial
1363,1363,19,1,2,20,87,financial
1364,1364,14,8,8,17,182,software
1365,1365,2,21,9,23,354,pharmaceutical
1366,1366,13,6,7,26,220,education
1367,1367,1,17,0,20,283,realestate
1368,1368,13,19,1,23,167,pharmaceutical
1369,1369,8,26,5,25,171,financial
1370,1370,0,6,0,19,119,financial
1371,1371,0,20,0,25,194,education
1372,1372,13,10,3,27,203,financial
1373,1373,4,23,0,2,221,software
1374,1374,1,20,4,16,216,financial
1375,1375,15,24,5,14,364,education
1376,1376,2,19,6,29,269,financial
1377,1377,15,14,3,20,266,financial
1378,1378,0,20,2,3,119,pharmaceutical
1379,1379,13,4,6,28,229,education
1380,1380,15,16,5,5,340,financial
1381,1381,16,19,3,7,310,financial
1382,1382,10,17,6,18,160,pharmaceutical
1383,1383,10,14,4,19,190,software
1384,1384,11,24,4,10,207,pharmaceutical
1385,1385,19,5,9,2,78,pharmaceutical
1386,1386,5,14,0,3,131,retail
1387,1387,10,28,9,8,118,education
1388,1388,2,24,9,7,208,pharmaceutical
1389,1389,18,10,3,6,174,retail
1390,1390,10,29,6,15,202,education
1391,1391,12,9,8,16,144,pharmaceutical
1392,1392,0,20,8,17,174,education
1393,1393,12,18,1,18,151,realestate
1394,1394,10,10,4,28,119,financial
1395,1395,10,6,5,9,92,realestate
1396,1396,3,17,1,26,225,realestate
1397,1397,15,5,5,28,419,pharmaceutical
1398,1398,18,7,9,23,136,software
1399,1399,1,15,7,14,234,retail
1400,1400,18,19,9,21,145,retail
1401,1401,6,4,0,1,80,retail
1402,1402,13,27,0,19,146,financial
1403,1403,15,19,7,26,357,pharmaceutical
1404,1404,11,22,5,5,115,education
1405,1405,12,27,7,5,104,retail
1406,1406,4,29,7,20,237,retail
1407,1407,6,8,6,8,100,pharmaceutical
1408,1408,1,26,1,6,248,financial
1409,1409,17,10,3,26,228,pharmaceutical
1410,1410,18,21,8,9,162,pharmaceutical
1411,1411,17,4,5,21,213,pharmaceutical
1412,1412,10,4,8,28,112,retail
1413,1413,6,6,6,9,151,software
1414,1414,9,11,6,28,131,financial
1415,1415,7,27,5,6,222,pharmaceutical
1416,1416,12,1,9,29,146,education
1417,1417,5,5,7,1,198,software
1418,1418,14,29,6,22,312,pharmaceutical
1419,1419,0,9,1,17,203,financial
1420,1420,3,21,6,10,287,pharmaceutical
1421,1421,14,24,4,12,358,financial
1422,1422,16,9,1,14,299,software
1423,1423,14,8,7,21,393,pharmaceutical
1424,1424,0,17,6,4,145,education
1425,1425,8,5,8,23,174,realestate
1426,1426,8,5,3,10,188,realestate
1427,1427,12,11,8,19,101,pharmaceutical
1428,1428,13,14,2,14,231,financial
1429,1429,17,18,2,20,217,pharmaceutical
1430,1430,9,25,9,3,60,pharmaceutical
1431,1431,2,26,8,26,360,retail
1432,1432,5,16,8,7,112,financial
1433,1433,0,20,6,6,133,retail
1434,1434,6,19,1,29,41,education
1435,1435,17,29,4,25,230,pharmaceutical
1436,1436,19,7,0,29,117,education
1437,1437,18,1,5,14,81,retail
1438,1438,11,7,6,14,100,education
1439,1439,0,20,8,14,154,financial
1440,1440,19,8,4,7,191,software
1441,1441,0,15,6,13,147,financial
1442,1442,12,8,6,10,230,retail
1443,1443,6,19,7,28,77,education
1444,1444,16,15,4,1,247,financial
1445,1445,12,17,1,29,203,software
1446,1446,9,15,7,4,104,software
1447,1447,14,8,5,25,194,retail
1448,1448,6,9,4,12,61,pharmaceutical
1449,1449,4,23,2,24,272,pharmaceutical
1450,1450,16,12,8,18,315,pharmaceutical
1451,1451,3,7,2,19,190,education
1452,1452,16,2,8,5,286,realestate
1453,1453,11,16,0,10,171,realestate
1454,1454,12,29,3,15,110,pharmaceutical
1455,1455,16,0,3,6,196,retail
1456,1456,10,10,0,16,109,retail
1457,1457,11,4,3,24,155,pharmaceutical
1458,1458,4,2,3,12,204,financial
1459,1459,8,8,9,29,240,retail
1460,1460,9,16,3,29,126,pharmaceutical
1461,1461,19,20,3,0,168,education
1462,1462,15,16,1,21,278,financial
1463,1463,13,9,0,4,111,education
1464,1464,11,2,5,17,220,pharmaceutical
1465,1465,2,22,0,1,298,realestate
1466,1466,18,12,9,20,129,software
1467,1467,0,21,2,8,161,retail
1468,1468,10,22,0,28,188,software
1469,1469,19,5,6,9,71,software
1470,1470,13,18,5,11,88,realestate
1471,1471,0,0,9,18,148,education
1472,1472,12,20,9,23,110,realestate
1473,1473,8,7,4,27,266,realestate
1474,1474,3,16,4,25,288,retail
1475,1475,7,28,4,13,240,retail
1476,1476,14,17,9,7,326,software
1477,1477,9,13,5,28,57,pharmaceutical
1478,1478,15,14,0,28,204,pharmaceutical
1479,1479,17,29,3,27,354,realestate
1480,1480,0,0,8,5,188,pharmaceutical
1481,1481,13,27,7,29,104,education
1482,1482,11,20,4,1,112,realestate
1483,1483,1,26,9,28,212,realestate
1484,1484,9,10,9,10,140,education
1485,1485,0,17,9,18,138,pharmaceutical
1486,1486,2,17,1,1,311,retail
1487,1487,11,23,1,19,113,retail
1488,1488,0,10,4,25,145,pharmaceutical
1489,1489,4,13,0,26,181,pharmaceutical
1490,1490,14,7,9,27,219,software
1491,1491,19,13,7,5,163,software
1492,1492,10,24,2,26,171,financial
1493,1493,11,1,1,5,185,pharmaceutical
1494,1494,4,24,2,5,173,financial
1495,1495,1,2,2,19,158,software
1496,1496,10,5,2,6,155,retail
1497,1497,7,2,5,28,311,financial
1498,1498,10,23,4,11,190,retail
1499,1499,18,17,7,20,170,software
1500,1500,7,11,3,16,165,software
1501,1501,5,5,9,5,207,financial
1502,1502,0,27,7,16,193,pharmaceutical
1503,1503,7,3,0,6,306,realestate
1504,1504,9,16,5,5,83,realestate
1505,1505,12,8,1,27,223,realestate
1506,1506,14,3,6,26,304,retail
1507,1507,9,3,8,12,92,financial
1508,1508,8,13,0,9,234,education
1509,1509,9,11,1,14,103,education
1510,1510,17,1,7,25,285,realestate
1511,1511,15,7,0,14,186,pharmaceutical
1512,1512,2,8,4,2,222,realestate
1513,1513,19,5,7,8,153,realestate
1514,1514,4,22,5,6,182,realestate
1515,1515,4,3,2,14,259,financial
1516,1516,16,18,1,27,191,financial
1517,1517,4,27,4,2,253,realestate
1518,1518,10,12,7,27,119,software
1519,1519,10,2,2,11,180,education
1520,1520,0,1,1,10,121,retail
1521,1521,16,18,3,17,264,financial
1522,1522,7,0,4,4,192,software
1523,1523,5,18,0,19,194,pharmaceutical
1524,1524,1,29,5,18,180,financial
1525,1525,12,5,0,3,218,realestate
1526,1526,16,22,1,25,168,retail
1527,1527,10,9,7,27,198,education
1528,1528,12,25,6,13,116,pharmaceutical
1529,1529,4,28,0,3,273,software
1530,1530,1,19,4,21,206,realestate
1531,1531,3,1,1,12,288,financial
1532,1532,15,11,5,13,214,education
1533,1533,1,3,9,15,177,realestate
1534,1534,14,12,8,15,255,financial
1535,1535,19,11,1,11,132,retail
1536,1536,17,8,2,23,211,realestate
1537,1537,0,4,4,11,195,financial
1538,1538,5,1,8,12,165,education
1539,1539,12,0,9,28,230,retail
1540,1540,14,13,9,5,330,software
1541,1541,4,6,5,26,250,retail
1542,1542,16,16,0,11,196,realestate
1543,1543,0,28,0,29,155,realestate
1544,1544,16,3,5,2,194,software
1545,1545,7,13,6,18,244,education
1546,1546,6,10,8,17,75,pharmaceutical
1547,1547,10,29,0,1,120,pharmaceutical
1548,1548,10,9,1,6,166,financial
1549,1549,13,27,0,13,107,financial
1550,1550,4,23,9,27,213,financial
1551,1551,1,15,6,0,236,pharmaceutical
1552,1552,17,21,9,18,217,retail
1553,1553,15,8,7,5,267,realestate
1554,1554,10,26,5,12,132,education
1555,1555,10,3,5,9,198,software
1556,1556,6,14,7,17,113,pharmaceutical
1557,1557,6,29,9,1,59,realestate
1558,1558,15,0,5,20,297,realestate
1559,1559,1,11,0,16,254,financial
1560,1560,3,10,3,2,223,pharmaceutical
1561,1561,0,10,8,9,161,retail
1562,1562,7,8,9,11,240,financial
1563,1563,1,7,9,18,202,realestate
1564,1564,2,25,1,27,308,pharmaceutical
1565,1565,11,0,2,3,185,pharmaceutical
1566,1566,0,3,0,6,172,education
1567,1567,18,18,3,13,158,pharmaceutical
1568,1568,16,18,6,11,152,realestate
1569,1569,14,0,4,28,271,education
1570,1570,5,28,8,15,118,retail
1571,1571,3,10,6,25,203,retail
1572,1572,11,10,6,7,148,pharmaceutical
1573,1573,5,21,2,2,142,software
1574,1574,4,11,2,21,273,retail
1575,1575,13,8,6,4,179,financial
1576,1576,2,13,6,20,240,education
1577,1577,5,19,2,19,165,pharmaceutical
1578,1578,13,14,9,21,181,financial
1579,1579,4,9,6,22,197,realestate
1580,1580,2,19,1,15,296,software
1581,1581,2,20,3,16,263,software
1582,1582,0,10,6,21,197,retail
1583,1583,17,10,3,10,358,pharmaceutical
1584,1584,11,6,9,25,142,education
1585,1585,4,29,3,19,209,education
1586,1586,3,12,0,14,266,software
1587,1587,6,23,6,19,41,retail
1588,1588,8,10,8,19,239,financial
1589,1589,5,20,2,18,102,retail
1590,1590,9,8,8,8,110,realestate
1591,1591,4,2,4,18,137,retail
1592,1592,13,18,4,14,171,retail
1593,1593,4,17,6,18,259,financial
1594,1594,1,15,7,16,241,software
1595,1595,2,29,1,27,250,software
1596,1596,11,2,7,9,138,financial
1597,1597,8,28,0,12,206,retail
1598,1598,14,13,4,23,197,retail
1599,1599,0,11,6,0,188,realestate
1600,1600,6,2,8,5,81,financial
1601,1601,3,10,3,22,289,retail
1602,1602,5,28,2,10,154,education
1603,1603,8,5,0,19,111,pharmaceutical
1604,1604,11,20,3,7,146,pharmaceutical
1605,1605,6,12,7,29,117,education
1606,1606,8,7,1,2,251,education
1607,1607,5,11,5,7,177,software
1608,1608,17,28,6,28,319,financial
1609,1609,16,20,1,9,233,software
1610,1610,18,12,3,6,113,software
1611,1611,9,11,6,12,120,software
1612,1612,6,22,4,29,66,education
1613,1613,19,15,0,29,88,retail
1614,1614,9,23,0,29,61,realestate
1615,1615,17,15,2,27,360,education
1616,1616,6,8,8,29,147,software
1617,1617,3,8,5,17,186,education
1618,1618,19,14,4,23,205,software
1619,1619,16,14,5,8,238,financial
1620,1620,0,17,8,25,211,software
1621,1621,9,22,3,28,69,realestate
1622,1622,6,25,8,18,121,software
1623,1623,1,16,4,11,210,realestate
1624,1624,13,26,1,12,103,financial
1625,1625,7,1,9,0,254,pharmaceutical
1626,1626,18,27,0,19,144,pharmaceutical
1627,1627,15,28,6,17,273,pharmaceutical
1628,1628,16,24,1,12,206,retail
1629,1629,18,2,0,23,172,pharmaceutical
1630,1630,9,11,6,24,117,financial
1631,1631,3,13,3,8,200,financial
1632,1632,7,20,0,9,234,retail
1633,1633,18,12,3,11,71,education
1634,1634,14,13,2,17,291,software
1635,1635,5,23,3,7,199,pharmaceutical
1636,1636,4,26,6,18,178,pharmaceutical
1637,1637,14,16,0,8,341,pharmaceutical
1638,1638,10,18,5,20,188,financial
1639,1639,4,1,2,7,167,retail
1640,1640,4,13,3,10,136,retail
1641,1641,12,28,8,0,99,education
1642,1642,12,13,1,9,138,software
1643,1643,8,27,1,17,226,software
1644,1644,19,9,7,28,144,realestate
1645,1645,4,17,2,23,193,education
1646,1646,9,26,1,9,103,education
1647,1647,1,18,0,21,200,financial
1648,1648,2,13,1,29,228,software
1649,1649,13,12,2,17,216,software
1650,1650,17,16,6,8,195,pharmaceutical
1651,1651,13,13,6,14,208,education
1652,1652,6,18,2,3,150,pharmaceutical
1653,1653,14,13,7,8,187,financial
1654,1654,17,16,6,24,309,financial
1655,1655,12,17,9,6,216,retail
1656,1656,12,10,4,18,117,pharmaceutical
1657,1657,2,5,2,9,288,pharmaceutical
1658,1658,10,10,5,7,117,software
1659,1659,8,1,7,16,117,realestate
1660,1660,14,23,9,0,231,software
1661,1661,10,11,5,5,200,financial
1662,1662,15,9,0,1,241,retail
1663,1663,9,10,2,25,140,realestate
1664,1664,19,2,9,21,209,pharmaceutical
1665,1665,4,18,1,21,247,software
1666,1666,19,10,2,3,213,realestate
1667,1667,19,17,8,11,93,realestate
1668,1668,0,11,1,15,171,retail
1669,1669,5,24,7,7,186,realestate
1670,1670,17,1,9,23,282,pharmaceutical
1671,1671,15,14,3,18,181,realestate
1672,1672,2,10,6,25,245,education
1673,1673,6,15,8,28,59,pharmaceutical
1674,1674,16,11,0,12,301,software
1675,1675,8,29,0,15,206,pharmaceutical
1676,1676,5,3,1,16,173,education
1677,1677,5,24,1,17,96,education
1678,1678,14,4,2,12,222,realestate
1679,1679,5,25,8,12,224,financial
1680,1680,19,11,3,26,142,financial
1681,1681,6,18,0,18,130,software
1682,1682,18,19,6,8,147,realestate
1683,1683,1,6,8,11,229,pharmaceutical
1684,1684,17,17,3,22,298,realestate
1685,1685,8,10,5,23,234,pharmaceutical
1686,1686,12,7,6,22,195,education
1687,1687,19,9,3,1,201,financial
1688,1688,4,11,4,22,198,education
1689,1689,4,12,0,16,161,software
1690,1690,10,0,8,1,213,realestate
1691,1691,17,18,6,21,327,pharmaceutical
1692,1692,8,28,9,10,210,education
1693,1693,9,2,9,23,55,education
1694,1694,8,23,3,28,133,pharmaceutical
1695,1695,13,25,2,19,207,financial
1696,1696,11,18,5,8,140,pharmaceutical
1697,1697,0,22,3,24,232,pharmaceutical
1698,1698,4,2,3,21,266,education
1699,1699,18,17,5,10,102,software
1700,1700,12,20,4,20,79,software
1701,1701,19,20,7,24,185,software
1702,1702,4,24,5,5,214,pharmaceutical
1703,1703,12,20,4,29,103,education
1704,1704,17,12,6,0,218,software
1705,1705,14,1,9,24,274,retail
1706,1706,13,23,0,27,224,financial
1707,1707,18,20,1,23,70,realestate
1708,1708,15,0,5,23,320,realestate
1709,1709,1,1,3,20,281,financial
1710,1710,2,8,5,19,369,pharmaceutical
1711,1711,10,20,0,12,158,pharmaceutical
1712,1712,18,26,7,8,124,education
1713,1713,17,7,5,2,262,financial
1714,1714,17,14,9,8,328,retail
1715,1715,0,29,5,25,173,software
1716,1716,3,19,5,23,206,software
1717,1717,3,11,6,14,227,software
1718,1718,17,2,6,12,199,financial
1719,1719,12,21,3,0,202,pharmaceutical
1720,1720,19,7,7,5,157,realestate
1721,1721,6,3,9,25,115,education
1722,1722,2,2,3,22,283,software
1723,1723,13,23,1,3,110,realestate
1724,1724,16,2,6,14,152,financial
1725,1725,13,24,7,19,182,retail
1726,1726,10,4,5,2,93,financial
1727,1727,7,25,6,9,236,software
1728,1728,10,12,3,28,172,realestate
1729,1729,12,13,5,21,105,financial
1730,1730,14,29,2,20,213,realestate
1731,1731,17,25,6,6,212,retail
1732,1732,19,26,0,27,91,financial
1733,1733,16,25,7,15,314,financial
1734,1734,17,11,1,22,304,realestate
1735,1735,5,21,0,27,151,financial
1736,1736,4,23,0,17,213,realestate
1737,1737,19,18,1,17,163,pharmaceutical
1738,1738,12,28,3,3,135,retail
1739,1739,6,27,8,29,38,software
1740,1740,18,19,3,18,92,retail
1741,1741,10,5,9,7,130,financial
1742,1742,3,0,4,6,266,software
1743,1743,19,29,1,20,77,education
1744,1744,6,12,9,26,59,software
1745,1745,10,7,8,23,122,realestate
1746,1746,11,29,6,4,187,retail
1747,1747,9,2,0,25,122,financial
1748,1748,5,14,7,16,191,retail
1749,1749,19,1,4,29,124,financial
1750,1750,14,26,4,4,294,financial
1751,1751,10,3,1,17,214,pharmaceutical
1752,1752,11,16,0,16,156,pharmaceutical
1753,1753,19,21,8,4,73,retail
1754,1754,16,3,5,22,253,pharmaceutical
1755,1755,18,16,8,4,62,realestate
1756,1756,10,28,5,14,97,retail
1757,1757,8,25,6,27,271,retail
1758,1758,8,20,0,12,166,financial
1759,1759,12,7,1,7,137,realestate
1760,1760,15,14,6,4,191,pharmaceutical
1761,1761,8,23,2,29,162,education
1762,1762,8,25,3,27,131,retail
1763,1763,13,24,8,8,220,financial
1764,1764,18,22,3,15,156,software
1765,1765,1,23,7,2,248,retail
1766,1766,6,19,0,24,151,retail
1767,1767,6,17,6,3,113,pharmaceutical
1768,1768,4,29,9,15,178,pharmaceutical
1769,1769,9,0,9,15,79,software
1770,1770,8,18,5,1,136,software
1771,1771,12,21,1,11,156,software
1772,1772,2,2,8,10,332,software
1773,1773,7,23,0,22,161,financial
1774,1774,6,4,9,28,96,pharmaceutical
1775,1775,8,18,3,22,146,pharmaceutical
1776,1776,7,18,4,0,182,software
1777,1777,3,17,5,3,214,retail
1778,1778,15,11,8,7,184,financial
1779,1779,17,9,2,1,327,software
1780,1780,14,23,1,9,342,realestate
1781,1781,4,1,3,1,255,education
1782,1782,1,15,4,16,229,pharmaceutical
1783,1783,10,27,0,6,175,financial
1784,1784,10,21,1,17,88,education
1785,1785,16,4,9,10,287,education
1786,1786,3,11,3,4,228,software
1787,1787,6,1,7,13,151,realestate
1788,1788,4,27,6,3,228,realestate
1789,1789,12,4,8,20,157,retail
1790,1790,10,11,7,18,162,financial
1791,1791,3,0,6,29,287,retail
1792,1792,8,5,6,21,190,education
1793,1793,5,3,9,0,95,software
1794,1794,7,11,3,23,278,realestate
1795,1795,11,20,1,27,175,retail
1796,1796,9,27,7,7,99,retail
1797,1797,8,13,8,10,229,pharmaceutical
1798,1798,0,21,8,29,235,realestate
1799,1799,17,25,3,4,354,education
1800,1800,3,27,7,7,263,education
1801,1801,18,10,2,24,73,software
1802,1802,17,29,7,26,215,realestate
1803,1803,19,2,0,27,122,pharmaceutical
1804,1804,14,27,0,13,341,realestate
1805,1805,16,28,4,11,267,retail
1806,1806,19,25,3,8,109,education
1807,1807,14,7,3,22,325,education
1808,1808,9,11,1,1,140,software
1809,1809,13,3,6,10,118,education
1810,1810,5,11,7,7,132,realestate
1811,1811,16,9,1,24,266,financial
1812,1812,8,8,3,28,182,retail
1813,1813,10,15,0,29,124,financial
1814,1814,19,10,3,14,127,pharmaceutical
1815,1815,15,26,0,5,324,pharmaceutical
1816,1816,3,22,0,27,204,pharmaceutical
1817,1817,0,13,0,11,120,realestate
1818,1818,12,23,2,12,94,software
1819,1819,18,21,4,13,99,education
1820,1820,12,27,2,2,197,education
1821,1821,19,28,3,27,137,retail
1822,1822,15,6,4,5,299,software
1823,1823,8,22,0,11,252,realestate
1824,1824,1,19,2,1,213,pharmaceutical
1825,1825,18,8,8,1,132,realestate
1826,1826,6,18,2,17,132,financial
1827,1827,0,27,0,5,136,education
1828,1828,11,17,5,17,181,realestate
1829,1829,14,1,5,10,345,financial
1830,1830,19,3,1,27,123,realestate
1831,1831,8,12,4,14,254,software
1832,1832,7,29,7,7,311,pharmaceutical
1833,1833,7,18,5,12,270,realestate
1834,1834,12,16,1,15,80,education
1835,1835,0,9,7,28,135,pharmaceutical
1836,1836,11,1,9,12,140,pharmaceutical
1837,1837,17,28,8,15,267,realestate
1838,1838,6,1,6,16,101,realestate
1839,1839,0,28,7,5,218,realestate
1840,1840,4,1,6,12,199,financial
1841,1841,6,13,2,10,137,pharmaceutical
1842,1842,18,27,8,27,123,software
1843,1843,18,9,3,29,155,realestate
1844,1844,11,2,6,12,154,education
1845,1845,9,12,8,19,49,financial
1846,1846,12,1,2,5,101,education
1847,1847,17,15,2,22,227,realestate
1848,1848,2,6,0,22,282,realestate
1849,1849,4,0,6,20,210,financial
1850,1850,9,16,0,19,115,realestate
1851,1851,13,8,1,17,222,pharmaceutical
1852,1852,11,16,6,25,220,realestate
1853,1853,11,14,4,13,151,realestate
1854,1854,5,16,1,7,113,education
1855,1855,3,2,0,7,224,financial
1856,1856,16,11,7,1,248,education
1857,1857,4,21,5,29,222,retail
1858,1858,5,1,5,8,101,education
1859,1859,3,7,7,19,228,software
1860,1860,17,26,0,9,249,pharmaceutical
1861,1861,15,5,2,19,356,financial
1862,1862,11,11,4,0,91,pharmaceutical
1863,1863,10,22,9,10,140,software
1864,1864,18,29,6,11,125,education
1865,1865,6,0,9,1,123,retail
1866,1866,8,28,1,3,184,realestate
1867,1867,7,7,8,28,312,retail
1868,1868,4,15,9,15,245,realestate
1869,1869,6,12,8,22,45,realestate
1870,1870,3,10,8,5,212,pharmaceutical
1871,1871,2,17,8,18,283,retail
1872,1872,12,23,5,9,189,software
1873,1873,10,12,6,9,170,pharmaceutical
1874,1874,17,7,6,3,230,realestate
1875,1875,18,11,6,27,146,realestate
1876,1876,5,29,0,29,150,retail
1877,1877,1,19,6,2,228,retail
1878,1878,8,10,7,19,115,financial
1879,1879,16,22,1,26,233,software
1880,1880,7,0,9,29,149,retail
1881,1881,0,21,6,17,133,realestate
1882,1882,14,14,9,21,348,realestate
1883,1883,13,4,8,22,205,pharmaceutical
1884,1884,0,23,8,4,133,financial
1885,1885,10,5,0,9,117,realestate
1886,1886,18,9,9,25,108,realestate
1887,1887,13,22,4,20,207,education
1888,1888,18,25,0,22,122,education
1889,1889,19,7,1,9,149,software
1890,1890,5,2,7,7,175,financial
1891,1891,7,25,0,9,161,education
1892,1892,15,21,0,11,360,retail
1893,1893,3,0,1,21,269,education
1894,1894,4,28,5,15,160,education
1895,1895,12,6,0,6,163,pharmaceutical
1896,1896,2,17,7,2,298,financial
1897,1897,7,5,1,24,306,retail
1898,1898,2,1,2,27,243,education
1899,1899,12,22,1,16,213,realestate
1900,1900,18,22,5,14,109,pharmaceutical
1901,1901,12,5,0,22,219,realestate
1902,1902,14,1,8,7,190,retail
1903,1903,8,4,2,9,192,realestate
1904,1904,2,21,9,12,357,realestate
1905,1905,8,14,0,4,159,software
1906,1906,11,12,1,16,177,software
1907,1907,6,15,4,26,43,education
1908,1908,12,22,8,27,201,education
1909,1909,15,7,8,3,333,realestate
1910,1910,3,4,0,21,172,financial
1911,1911,16,2,6,11,175,financial
1912,1912,19,20,2,15,75,realestate
1913,1913,3,15,6,6,255,financial
1914,1914,17,3,3,9,186,retail
1915,1915,4,6,1,15,159,financial
1916,1916,8,15,1,22,212,financial
1917,1917,6,15,5,11,135,pharmaceutical
1918,1918,11,23,2,11,103,financial
1919,1919,9,19,3,26,80,education
1920,1920,12,20,0,14,148,software
1921,1921,6,20,8,3,85,retail
1922,1922,10,21,6,5,95,education
1923,1923,19,19,9,25,81,retail
1924,1924,0,14,0,12,123,retail
1925,1925,14,8,5,23,389,realestate
1926,1926,10,20,6,14,176,retail
1927,1927,0,14,4,4,197,realestate
1928,1928,6,8,7,29,100,education
1929,1929,13,0,9,17,164,financial
1930,1930,17,4,9,13,197,financial
1931,1931,6,13,2,9,152,retail
1932,1932,1,10,7,22,182,financial
1933,1933,5,6,4,29,96,retail
1934,1934,2,21,8,18,303,pharmaceutical
1935,1935,7,27,7,9,225,retail
1936,1936,13,15,8,0,201,pharmaceutical
1937,1937,5,26,6,22,106,education
1938,1938,11,13,9,11,181,financial
1939,1939,12,13,9,11,190,retail
1940,1940,12,16,7,28,124,software
1941,1941,1,11,0,6,269,pharmaceutical
1942,1942,1,24,5,29,174,realestate
1943,1943,18,14,9,13,155,retail
1944,1944,13,6,3,14,121,pharmaceutical
1945,1945,5,13,6,5,99,pharmaceutical
1946,1946,17,14,9,10,255,retail
1947,1947,7,22,1,22,199,realestate
1948,1948,15,1,6,3,181,retail
1949,1949,17,11,5,26,352,education
1950,1950,8,7,2,28,163,retail
1951,1951,11,28,3,23,165,retail
1952,1952,1,10,9,27,223,software
1953,1953,13,19,0,13,133,pharmaceutical
1954,1954,14,13,5,9,189,financial
1955,1955,8,19,6,21,242,pharmaceutical
1956,1956,9,29,0,17,114,realestate
1957,1957,13,24,3,22,193,education
1958,1958,17,4,4,14,188,education
1959,1959,4,5,4,10,268,retail
1960,1960,6,1,3,10,81,retail
1961,1961,17,23,0,8,350,pharmaceutical
1962,1962,1,13,3,9,272,pharmaceutical
1963,1963,3,13,6,10,283,software
1964,1964,5,17,2,9,177,software
1965,1965,18,20,2,12,151,software
1966,1966,5,26,0,17,141,education
1967,1967,18,16,2,26,154,financial
1968,1968,17,0,9,2,223,realestate
1969,1969,4,15,3,22,182,pharmaceutical
1970,1970,13,2,1,27,228,software
1971,1971,9,5,3,6,119,pharmaceutical
1972,1972,14,20,8,26,381,retail
1973,1973,12,0,2,26,104,software
1974,1974,14,0,4,3,245,education
1975,1975,13,13,6,7,190,retail
1976,1976,4,10,3,16,163,financial
1977,1977,8,11,3,8,130,realestate
1978,1978,7,18,9,17,139,retail
1979,1979,5,23,1,20,224,pharmaceutical
1980,1980,4,27,1,29,170,education
1981,1981,10,26,3,29,108,financial
1982,1982,1,13,1,2,190,pharmaceutical
1983,1983,8,13,3,11,196,pharmaceutical
1984,1984,5,0,2,18,115,pharmaceutical
1985,1985,17,4,2,5,292,financial
1986,1986,19,9,7,20,180,realestate
1987,1987,2,22,3,19,299,education
1988,1988,1,15,4,6,174,pharmaceutical
1989,1989,14,4,5,17,254,financial
1990,1990,8,10,8,13,205,pharmaceutical
1991,1991,8,2,7,4,219,pharmaceutical
1992,1992,3,26,1,2,282,education
1993,1993,3,7,4,6,165,retail
1994,1994,3,27,9,24,173,software
1995,1995,5,11,4,23,126,software
1996,1996,1,19,5,4,194,education
1997,1997,19,9,2,22,201,financial
1998,1998,18,4,2,20,156,financial
1999,1999,1,16,0,10,249,realestate